	access_pattern	address_distance_confidence	all_cache_misses	all_dirty_evictions	all_eliminated_loaded_bytes	all_eliminated_loads	all_eliminated_memory_operations	all_eliminated_stored_bytes	all_eliminated_stores	all_eliminated_transferred_bytes	all_expected_loaded_bytes	all_expected_loads	all_expected_memory_operations	all_expected_stored_bytes	all_expected_stores	all_expected_transferred_bytes	all_memory_loads	all_memory_stores	all_rfo_cache_misses	all_total_loaded_bytes	all_total_loads	all_total_memory_operations	all_total_stored_bytes	all_total_stores	all_total_transferred_bytes	architecture	average_trip_count	cache_line_utilization	cache_misses	call_count	cfg_index_modified_in_body	cfg_jumps_outside	cfg_no_index_register	cfg_no_loop_step	compilation_flags	compiler_estimated_gain	compiler_name	compiler_version	compute_instructions	constant_accesses	constant_stride_percent	constant_strides	data_types	dirty_evictions	dynamic_abs	dynamic_add	dynamic_all_instructions	dynamic_avg	dynamic_avx2_scalar_compute	dynamic_avx2_scalar_compute_with_memory	dynamic_avx2_scalar_memory	dynamic_avx2_vector_compute	dynamic_avx2_vector_compute_with_memory	dynamic_avx2_vector_memory	dynamic_avx512_scalar_compute	dynamic_avx512_scalar_compute_with_memory	dynamic_avx512_scalar_memory	dynamic_avx512_vector_compute	dynamic_avx512_vector_compute_with_memory	dynamic_avx512_vector_memory	dynamic_avx512phi_vector_compute	dynamic_avx512phi_vector_compute_with_memory	dynamic_avx512phi_vector_memory	dynamic_avx_scalar_compute	dynamic_avx_scalar_compute_with_memory	dynamic_avx_scalar_memory	dynamic_avx_vector_compute	dynamic_avx_vector_compute_with_memory	dynamic_avx_vector_memory	dynamic_call	dynamic_compute	dynamic_compute_with_memory	dynamic_div	dynamic_dp_compute	dynamic_dp_compute_with_memory	dynamic_fma	dynamic_fma_scalar_compute	dynamic_fma_scalar_compute_with_memory	dynamic_fma_vector_compute	dynamic_fma_vector_compute_with_memory	dynamic_func_inst	dynamic_int_compute	dynamic_int_compute_with_memory	dynamic_loaded_bytes	dynamic_loads	dynamic_max	dynamic_memory	dynamic_min	dynamic_mul	dynamic_reccp	dynamic_sad	dynamic_scale	dynamic_sign	dynamic_sp_compute	dynamic_sp_compute_with_memory	dynamic_sqrt	dynamic_sse_scalar_compute	dynamic_sse_scalar_compute_with_memory	dynamic_sse_scalar_memory	dynamic_sse_vector_compute	dynamic_sse_vector_compute_with_memory	dynamic_sse_vector_memory	dynamic_stored_bytes	dynamic_stores	dynamic_sub	dynamic_transferred_bytes_by_spill_fill	dynamic_used_vector_registers_number	dynamic_vector_compute	dynamic_vector_compute_with_memory	dynamic_vector_memory	dynamic_vector_registers_available	dynamic_vpconflict	dynamic_vplzcnt	dynamic_x86_scalar_compute	dynamic_x86_scalar_compute_with_memory	dynamic_x86_scalar_memory	dynamic_x87_scalar_compute	dynamic_x87_scalar_compute_with_memory	dynamic_x87_scalar_memory	dynamic_xmm_stack_load_store_count	dynamic_ymm_stack_load_store_count	dynamic_zmm_stack_load_store_count	efficiency	efficiency_confidence	eliminated_loaded_bytes	eliminated_loads	eliminated_memory_operations	eliminated_stored_bytes	eliminated_stores	eliminated_transferred_bytes	expected_loaded_bytes	expected_loads	expected_memory_operations	expected_stored_bytes	expected_stores	expected_transferred_bytes	first_child	first_instance_site_footprint	fit_into_cache	footprint_estimate	fp_mask_utilization	full_compiler_name_string_column	function	function_call_sites_and_loops	function_instance_type	gain_estimate	gather_accesses	hlo_unroll_type	instruction_sets	int_mask_utilization	is_compiler_vector_length	is_system_module	is_vectorized	issue_ids	iteration_duration	key_column	library_name	line	load_constant_accesses	load_random_accesses	load_uniform_accesses	load_unit_accesses	loop_annotation	loop_carried_dependencies	loop_function_id	loop_height	loop_instance_total_time	loop_name	loop_overrides	main_vectorization_type	mangled_name	map_executed_first_instance_iterations	map_executed_instances	map_executed_max_iterations	map_executed_min_iterations	map_executed_total_iterations	mask_utilization	max_depth	max_trip_count	maximum_per_instruction_address_range	memory_instructions	memory_loads	memory_stores	metadata_types	min_trip_count	module	multi_pumping_factor	multiversion	multiversion_type	nesting_level	no_site_start_dependency	non_unit_stride_percent	non_unit_strides	number_of_vector_registers	offload_device_to_host	offload_host_to_device	offload_private	offload_shared	optimization_details	parent_id	performance_issues	potential_reduction_column	potential_war_dependency	potential_waw_dependency	random_accesses	raw_dependencies	read_constant_stride_percent	read_constant_strides	read_non_unit_stride_percent	read_non_unit_strides	read_strides_distribution	read_total_strides	read_unit_stride_percent	read_unit_strides	rfo_cache_misses	scatter_accesses	self_abs	self_add	self_ai	self_all_instructions	self_avg	self_avx2_scalar_compute	self_avx2_scalar_compute_with_memory	self_avx2_scalar_memory	self_avx2_vector_compute	self_avx2_vector_compute_with_memory	self_avx2_vector_memory	self_avx512_scalar_compute	self_avx512_scalar_compute_with_memory	self_avx512_scalar_memory	self_avx512_vector_compute	self_avx512_vector_compute_with_memory	self_avx512_vector_memory	self_avx512phi_vector_compute	self_avx512phi_vector_compute_with_memory	self_avx512phi_vector_memory	self_avx_scalar_compute	self_avx_scalar_compute_with_memory	self_avx_scalar_memory	self_avx_vector_compute	self_avx_vector_compute_with_memory	self_avx_vector_memory	self_call	self_compute	self_compute_with_memory	self_div	self_dp_compute	self_dp_compute_with_memory	self_dram_gb	self_dram_loaded_gb	self_dram_stored_gb	self_elapsed_time	self_fma	self_fma_scalar_compute	self_fma_scalar_compute_with_memory	self_fma_vector_compute	self_fma_vector_compute_with_memory	self_func_inst	self_gb_s	self_gflop	self_gflops	self_giga_op	self_giga_ops	self_gintop	self_gintops	self_int_ai	self_int_compute	self_int_compute_with_memory	self_l2_gb	self_l2_loaded_gb	self_l2_stored_gb	self_l3_gb	self_l3_loaded_gb	self_l3_stored_gb	self_l4_gb	self_l4_loaded_gb	self_l4_stored_gb	self_loaded_bytes	self_loaded_gb	self_loads	self_max	self_memory	self_memory_gb	self_min	self_mul	self_overall_ai	self_reccp	self_sad	self_scale	self_sign	self_sp_compute	self_sp_compute_with_memory	self_sqrt	self_sse_scalar_compute	self_sse_scalar_compute_with_memory	self_sse_scalar_memory	self_sse_vector_compute	self_sse_vector_compute_with_memory	self_sse_vector_memory	self_stored_bytes	self_stored_gb	self_stores	self_sub	self_time	self_time_percent	self_vector_compute	self_vector_compute_with_memory	self_vector_memory	self_vpconflict	self_vplzcnt	self_x86_scalar_compute	self_x86_scalar_compute_with_memory	self_x86_scalar_memory	self_x87_scalar_compute	self_x87_scalar_compute_with_memory	self_x87_scalar_memory	simulated_load_memory_footprint	simulated_memory_footprint	simulated_store_memory_footprint	site_id	site_location	site_name	site_source_file	site_source_line	source_full_path	source_location	source_size	static_abs	static_add	static_all_instructions	static_avg	static_avx2_scalar_compute	static_avx2_scalar_compute_with_memory	static_avx2_scalar_memory	static_avx2_vector_compute	static_avx2_vector_compute_with_memory	static_avx2_vector_memory	static_avx512_scalar_compute	static_avx512_scalar_compute_with_memory	static_avx512_scalar_memory	static_avx512_vector_compute	static_avx512_vector_compute_with_memory	static_avx512_vector_memory	static_avx512phi_vector_compute	static_avx512phi_vector_compute_with_memory	static_avx512phi_vector_memory	static_avx_scalar_compute	static_avx_scalar_compute_with_memory	static_avx_scalar_memory	static_avx_vector_compute	static_avx_vector_compute_with_memory	static_avx_vector_memory	static_call	static_compute	static_compute_with_memory	static_div	static_dp_compute	static_dp_compute_with_memory	static_fma	static_fma_scalar_compute	static_fma_scalar_compute_with_memory	static_fma_vector_compute	static_fma_vector_compute_with_memory	static_func_inst	static_int_compute	static_int_compute_with_memory	static_loaded_bytes	static_loads	static_max	static_memory	static_min	static_mul	static_reccp	static_sad	static_scale	static_sign	static_sp_compute	static_sp_compute_with_memory	static_sqrt	static_sse_scalar_compute	static_sse_scalar_compute_with_memory	static_sse_scalar_memory	static_sse_vector_compute	static_sse_vector_compute_with_memory	static_sse_vector_memory	static_stored_bytes	static_stores	static_sub	static_transferred_bytes_by_spill_fill	static_used_vector_registers_number	static_vector_compute	static_vector_compute_with_memory	static_vector_memory	static_vector_registers_available	static_vpconflict	static_vplzcnt	static_x86_scalar_compute	static_x86_scalar_compute_with_memory	static_x86_scalar_memory	static_x87_scalar_compute	static_x87_scalar_compute_with_memory	static_x87_scalar_memory	static_xmm_stack_load_store_count	static_ymm_stack_load_store_count	static_zmm_stack_load_store_count	store_constant_accesses	store_random_accesses	store_uniform_accesses	store_unit_accesses	strides_distribution	thread	thread_count	total_abs	total_add	total_all_instructions	total_arithmetic_intensity	total_avg	total_avx2_scalar_compute	total_avx2_scalar_compute_with_memory	total_avx2_scalar_memory	total_avx2_vector_compute	total_avx2_vector_compute_with_memory	total_avx2_vector_memory	total_avx512_scalar_compute	total_avx512_scalar_compute_with_memory	total_avx512_scalar_memory	total_avx512_vector_compute	total_avx512_vector_compute_with_memory	total_avx512_vector_memory	total_avx512phi_vector_compute	total_avx512phi_vector_compute_with_memory	total_avx512phi_vector_memory	total_avx_scalar_compute	total_avx_scalar_compute_with_memory	total_avx_scalar_memory	total_avx_vector_compute	total_avx_vector_compute_with_memory	total_avx_vector_memory	total_call	total_compute	total_compute_with_memory	total_div	total_dp_compute	total_dp_compute_with_memory	total_dram_gb	total_dram_loaded_gb	total_dram_stored_gb	total_elapsed_time	total_fma	total_fma_scalar_compute	total_fma_scalar_compute_with_memory	total_fma_vector_compute	total_fma_vector_compute_with_memory	total_func_inst	total_gb_s	total_gflop	total_gflops	total_giga_op	total_giga_ops	total_gintop	total_gintops	total_instructions	total_int_ai	total_int_compute	total_int_compute_with_memory	total_l2_gb	total_l2_loaded_gb	total_l2_stored_gb	total_l3_gb	total_l3_loaded_gb	total_l3_stored_gb	total_l4_gb	total_l4_loaded_gb	total_l4_stored_gb	total_loaded_bytes	total_loaded_gb	total_loads	total_max	total_memory	total_memory_gb	total_memory_operations	total_min	total_mul	total_overall_ai	total_reccp	total_sad	total_scale	total_sign	total_simulated_load_memory_footprint	total_simulated_memory_footprint	total_simulated_store_memory_footprint	total_sp_compute	total_sp_compute_with_memory	total_sqrt	total_sse_scalar_compute	total_sse_scalar_compute_with_memory	total_sse_scalar_memory	total_sse_vector_compute	total_sse_vector_compute_with_memory	total_sse_vector_memory	total_stored_bytes	total_stored_gb	total_stores	total_strides	total_sub	total_time	total_time_percent	total_transferred_bytes	total_vector_compute	total_vector_compute_with_memory	total_vector_memory	total_vpconflict	total_vplzcnt	total_x86_scalar_compute	total_x86_scalar_compute_with_memory	total_x86_scalar_memory	total_x87_scalar_compute	total_x87_scalar_compute_with_memory	total_x87_scalar_memory	traits	transformation_ids	transformations	trip_count_reliable	trip_count_total	type	uniform_accesses	unique_index	unit_accesses	unit_stride_percent	unit_strides	unroll_factor	used_stack_instructions	vector_isa	vector_length	vector_widths	vectorization_details	vectorization_message_code	vectorization_overhead	vectorization_trip_count_type	war_dependencies	waw_dependencies	why_no_vectorization	write_constant_stride_percent	write_constant_strides	write_non_unit_stride_percent	write_non_unit_strides	write_strides_distribution	write_total_strides	write_unit_stride_percent	write_unit_strides
0																										2	80			50756036													Float64		0	0	33040010760	0	0	0	0	0	0	0	0	0	0	0	0	0	0	0	0	8319638694	0	4265761554	0	0	0	0	8319638694	0	0	8319638694	0	0	0	0	0	0	11	0	0	34095638112	4261954764	49500342	4265761554	0	0	0	0	0	0	0	0	0	0	0	0	0	0	0	0	0	0			0	0	0		0	0	0	0	0	0	0	0																									[loop in polytope::walk]	2							0	0	4194304	< 0.001s	11							1		11	0	< 0.001s	polytope::walk			[Loop@0xd1b8 in _ZN8polytope4walkERN4arma3ColIdEERKSt6vectorINS0_3MatIdEESaIS6_EERKS4_IS2_SaIS2_EEdRN10XoshiroCpp18Xoshiro128PlusPlusE]							9	80					21	80	bound-remove_polyvol				0										10																	0	0	0.00145181	0	0	0	0	0	0	0	0	0	0	0	0	0	0	0	0	0	0	0	0	0	0	0	0	0	0	0	0	0	0	0	0	8.89567	0	0	0	0	0	0	3.83284	0.0495003	0.00556455	8.17248	0.918704	8.12298	0.913139	0.238241	0	0	0	0	0	0	0	0	0	0	0	0	34.0956	0	0	0	34.0956	0	0	0.239693	0	0	0	0	0	0	0	0	0	0	0	0	0	0	0	0	0	8.89567	8.89567	0	0	0	0	0	0	0	0	0	0	0												0	0	17	0	0	0	0	0	0	0	0	0	0	0	0	0	0	0	0	4	0	4	0	0	0	0	4	0	0	4	0	0	0	0	0	0	11	0	0	24	3	1	4	0	0	0	0	0	0	0	0	0	0	0	0	0	0	0	0	0	0			0	0	0		0	0	0	0	0	0	0	0									0	1	0	0	0		0	0	0	0	0	0	0	0	0	0	0	0	0	0	0	0	0	0	0	0	0	0	0	0	0	0	0	0	0	0	0	8.89567	0	0	0	0	0	0										0	0	0	0	0	0	0	0	0	0	0		0		0	0			0	0		0	0	0	0				0	0	0	0	0	0	0	0	0		0			0	8.89567	8.89567		0	0	0	0	0	0	0	0	0	0	0				3	4060482880	Scalar		4																							
1																										2				50768634													Float64; Int32; UInt32; UInt64		0	558454974	16347500148	0	0	0	0	0	0	0	0	0	0	0	0	0	0	0	0	304611804	101537268	1776902190	0	0	355380438	304611804	964604046	304611804	50768634	456917706	50768634	152305902	152305902	0	0	0	10	507686340	203074536	29648882256	3756878916	0	6955302858	0	101537268	0	0	0	0	0	50768634	50768634	0	0	0	0	0	0	27871980066	3198423942	304611804			0	0	355380438		0	0	507686340	203074536	4772251596	0	0	0																									polytope::walk	0				AVX			0	0	0		10							-1		10		< 0.001s	polytope::walk			_ZN8polytope4walkERN4arma3ColIdEERKSt6vectorINS0_3MatIdEESaIS6_EERKS4_IS2_SaIS2_EEdRN10XoshiroCpp18Xoshiro128PlusPlusE							8						1		bound-remove_polyvol				2										7																	0	0	0.0115146	0	0	0	0	0	0	0	0	0	0	0	0	0	0	0	0	0	0	0	0	0	0	0	0	0	0	0	0	0	0	0	0	5.29422	0	0	0	0	0	0	10.8265	0.659992	0.124663	4.67071	0.882229	4.01072	0.757566	0.0699734	0	0	0	0	0	0	0	0	0	0	0	0	29.4458	0	0	0	57.3178	0	0	0.081488	0	0	0	0	0	0	0	0	0	0	0	0	0	0	27.872	0	0	5.29422	5.29422	0	0	0	0	0	0	0	0	0	0	0												0	19	563	0	0	0	0	0	0	0	0	0	0	0	0	0	0	0	0	6	10	67	0	5	14	10	35	19	1	9	14	3	3	0	0	0	10	26	4	1144	132	0	224	0	2	0	0	0	0	0	1	1	0	0	0	0	0	0	954	107	27			0	5	14		0	0	26	4	142	0	0	0									0	2	0	0	0		0	0	0	0	0	0	0	0	0	0	0	0	0	0	0	0	0	0	0	0	0	0	0	0	0	0	0	0	0	0	0	71.9715	0	0	0	0	0	0										0	0	0	0	0	0	0	0	0	0	0		0		0	0			0	0		0	0	0	0				0	0	0	0	0	0	0	0	0		0			0	71.9715	71.9715		0	0	0	0	0	0	0	0	0	0	0	Unpacks					Function										128/256															
2																										2	20			50756036													Float64		0	1015372680	6092236080	0	0	0	0	0	0	0	0	0	0	0	0	0	0	0	0	0	0	0	0	1015372680	2030745360	0	1015372680	1015372680	0	0	1015372680	0	0	0	0	0	12	1015372680	0	64983851520	2030745360	0	2030745360	0	0	0	0	0	0	0	0	0	0	0	0	0	0	0	32491925760	1015372680	1015372680			0	1015372680	2030745360		0	0	1015372680	0	0	0	0	0																									[loop in polytope::walk]	2				AVX		0	0	1	4194304	< 0.001s	12							1		12	0	< 0.001s	polytope::walk			[Loop@0xd340 in _ZN8polytope4walkERN4arma3ColIdEERKSt6vectorINS0_3MatIdEESaIS6_EERKS4_IS2_SaIS2_EEdRN10XoshiroCpp18Xoshiro128PlusPlusE]							9	20					405	20	bound-remove_polyvol				0										10																	0	0	0.0416667	0	0	0	0	0	0	0	0	0	0	0	0	0	0	0	0	0	0	0	0	0	0	0	0	0	0	0	0	0	0	0	0	2.21598	0	0	0	0	0	0	43.9877	4.06149	1.83282	6.09224	2.74923	2.03075	0.916409	0.0208333	0	0	0	0	0	0	0	0	0	0	0	0	64.9839	0	0	0	97.4758	0	0	0.0625	0	0	0	0	0	0	0	0	0	0	0	0	0	0	32.4919	0	0	2.21598	2.21598	0	0	0	0	0	0	0	0	0	0	0												0	1	6	0	0	0	0	0	0	0	0	0	0	0	0	0	0	0	0	0	0	0	0	1	2	0	1	1	0	0	1	0	0	0	0	0	12	1	0	64	2	0	2	0	0	0	0	0	0	0	0	0	0	0	0	0	0	0	32	1	1			0	1	2		0	0	1	0	0	0	0	0									0	1	0	0	0		0	0	0	0	0	0	0	0	0	0	0	0	0	0	0	0	0	0	0	0	0	0	0	0	0	0	0	0	0	0	0	2.21598	0	0	0	0	0	0										0	0	0	0	0	0	0	0	0	0	0		0		0	0			0	0		0	0	0	0				0	0	0	0	0	0	0	0	0		0			0	2.21598	2.21598		0	0	0	0	0	0	0	0	0	0	0				3	1015120720	Vectorized (Body)		5						AVX	4	256															
3																										2	200616			253													Float64; UInt64		0	0	1194143252	0	0	0	0	0	0	0	0	0	0	0	0	0	0	0	0	101334852	50997124	177602048	0	0	0	76267196	101334852	50997124	0	101334852	50997124	0	0	0	0	0	7	0	0	3862985984	482873248	0	533210976	0	50997124	0	0	0	0	0	0	0	0	0	0	0	0	0	203988496	25498562	0			0	0	0		0	0	0	0	355608928	0	0	0																									[loop in polytope::estimateVol]	2							0	0	32	< 0.001s	7							1		7	1	0.294s	polytope::estimateVol			[Loop@0xe8c0 in _ZN8polytope11estimateVolEv]							7	404800					5	196481	bound-remove_polyvol				3										9	1 Data type conversions present 																0	0	0.0119359	0	0	0	0	0	0	0	0	0	0	0	0	0	0	0	0	0	0	0	0	0	0	0	0	0	0	0	0	0	0	0	0	1.54055	0	0	0	0	0	0	2.77342	0.0509971	0.0331032	0.178235	0.115696	0.127238	0.0825928	0.0297802	0	0	0	0	0	0	0	0	0	0	0	0	3.86299	0	0	0	4.27258	0	0	0.0417161	0	0	0	0	0	0	0	0	0	0	0	0	0	0	0.409596	0	0	1.54055	1.54055	0	0	0	0	0	0	0	0	0	0	0												0	1	43	0	0	0	0	0	0	0	0	0	0	0	0	0	0	0	0	3	2	4	0	0	0	2	3	2	0	3	2	0	0	0	0	0	7	0	0	120	15	0	14	0	2	0	0	0	0	0	0	0	0	0	0	0	0	0	8	1	0			0	0	0		0	0	0	0	10	0	0	0									0	2	0	0	0		0	0	0	0	0	0	0	0	0	0	0	0	0	0	0	0	0	0	0	0	0	0	0	0	0	0	0	0	0	0	0	74.4239	0	0	0	0	0	0										0	0	0	0	0	0	0	0	0	0	0		0		0	0			0	0		0	0	0	0				0	0	0	0	0	0	0	0	0		0			0	74.4239	74.4239		0	0	0	0	0	0	0	0	0	0	0	Type Conversions			3	50756036	Scalar		2																							
4																										2	10			50756036													Float64		0	0	3553804380	0	0	0	0	0	0	0	0	0	0	0	0	0	0	0	0	0	0	0	0	0	507686340	0	507686340	0	0	507686340	0	507686340	0	0	507686340	0	14	0	0	16245962880	507686340	0	1015372680	0	0	0	0	0	0	0	0	0	0	0	0	0	0	0	0	0	0			507686340	0	507686340		0	0	0	0	507686340	0	0	0																									[loop in norm_2]	2				AVX; FMA		0	0	1	20971520	< 0.001s	14							1		14	0	< 0.001s	norm_2			[Loop@0xcb50 in _Z6norm_2RN4arma3ColIdEEi]							10	10					405	10	bound-remove_polyvol				0										13	1 Misaligned loop code present																0	0	0.25	0	0	0	0	0	0	0	0	0	0	0	0	0	0	0	0	0	0	0	0	0	0	0	0	0	0	0	0	0	0	0	0	0.803863	0	0	0	0	0	0	20.2099	4.06149	5.05247	5.58455	6.94714	1.52306	1.89467	0.09375	0	0	0	0	0	0	0	0	0	0	0	0	16.246	0	0	0	16.246	0	0	0.34375	0	0	0	0	0	0	0	0	0	0	0	0	0	0	0	0	0	0.803863	0.803863	0	0	0	0	0	0	0	0	0	0	0												0	0	7	0	0	0	0	0	0	0	0	0	0	0	0	0	0	0	0	0	0	0	0	0	1	0	1	0	0	1	0	1	0	0	1	0	14	0	0	32	1	0	2	0	0	0	0	0	0	0	0	0	0	0	0	0	0	0	0	0	0			1	0	1		0	0	0	0	1	0	0	0									0	1	0	0	0		0	0	0	0	0	0	0	0	0	0	0	0	0	0	0	0	0	0	0	0	0	0	0	0	0	0	0	0	0	0	0	0.803863	0	0	0	0	0	0										0	0	0	0	0	0	0	0	0	0	0		0		0	0			0	0		0	0	0	0				0	0	0	0	0	0	0	0	0		0			0	0.803863	0.803863		0	0	0	0	0	0	0	0	0	0	0	FMA			3	507560360	Vectorized (Body)		6						AVX2	4	256															
5																										2				50768634													Float64		0	203074536	913835412	0	0	0	0	0	0	0	0	0	0	0	0	0	0	0	0	101537268	50768634	0	50768634	0	101537268	0	152305902	50768634	0	152305902	50768634	0	0	0	0	0	13	0	0	913835412	152305902	0	152305902	0	0	0	0	0	0	0	0	0	0	0	0	0	0	0	0	0	0			50768634	0	101537268		0	0	0	0	50768634	0	0	0																									norm_2	0				AVX; FMA			0	0	0		13							-1		13		< 0.001s	norm_2			_Z6norm_2RN4arma3ColIdEEi							9						1		bound-remove_polyvol				1										10																	0	0	0.3125	0	0	0	0	0	0	0	0	0	0	0	0	0	0	0	0	0	0	0	0	0	0	0	0	0	0	0	0	0	0	0	0	0.331995	0	0	0	0	0	0	2.44672	0.253843	0.764599	0.456918	1.37628	0.203075	0.611679	0.25	0	0	0	0	0	0	0	0	0	0	0	0	0.812298	0	0	0	0.812298	0	0	0.5625	0	0	0	0	0	0	0	0	0	0	0	0	0	0	0	0	0	0.331995	0.331995	0	0	0	0	0	0	0	0	0	0	0												0	4	21	0	0	0	0	0	0	0	0	0	0	0	0	0	0	0	0	2	1	0	1	0	2	0	3	1	0	3	1	0	0	0	0	0	13	0	0	20	4	0	3	0	0	0	0	0	0	0	0	0	0	0	0	0	0	0	0	0	0			1	0	2		0	0	0	0	1	0	0	0									0	2	0	0	0		0	0	0	0	0	0	0	0	0	0	0	0	0	0	0	0	0	0	0	0	0	0	0	0	0	0	0	0	0	0	0	1.13586	0	0	0	0	0	0										0	0	0	0	0	0	0	0	0	0	0		0		0	0			0	0		0	0	0	0				0	0	0	0	0	0	0	0	0		0			0	1.13586	1.13586		0	0	0	0	0	0	0	0	0	0	0	Unpacks; Extracts; FMA					Function										128/256															
6																										2																			0	0	0	0	0	0	0	0	0	0	0	0	0	0	0	0	0	0	0	0	0	0	0	0	0	0	0	0	0	0	0	0	0	0	0	0	0	0	0	0	0	0	0	0	0	0	0	0	0	0	0	0	0	0	0	0	0	0	0	0	0			0	0	0		0	0	0	0	0	0	0	0																									func@0x2730	0							0	0	0		15							-1		15			func@0x2730			func@0x2730							8						1		bound-remove_polyvol				0										7																	0	0		0	0	0	0	0	0	0	0	0	0	0	0	0	0	0	0	0	0	0	0	0	0	0	0	0	0	0	0	0				0.0560039	0	0	0	0	0	0									0	0										0		0	0	0		0	0		0	0	0	0	0	0	0	0	0	0	0	0	0	0		0	0	0.0560039	0.0560039	0	0	0	0	0	0	0	0	0	0	0												0	0	1	0	0	0	0	0	0	0	0	0	0	0	0	0	0	0	0	0	0	0	0	0	0	0	0	0	0	0	0	0	0	0	0	0	15	0	0	0	0	0	0	0	0	0	0	0	0	0	0	0	0	0	0	0	0	0	0	0	0			0	0	0		0	0	0	0	0	0	0	0									0	1	0	0	0		0	0	0	0	0	0	0	0	0	0	0	0	0	0	0	0	0	0	0	0	0	0	0	0	0	0	0	0				0.0560039	0	0	0	0	0	0										0	0													0	0			0	0		0	0	0	0				0	0	0	0	0	0	0	0	0					0	0.0560039	0.0560039		0	0	0	0	0	0	0	0	0	0	0						Function																									
7																										2																			0	0	0	0	0	0	0	0	0	0	0	0	0	0	0	0	0	0	0	0	0	0	0	0	0	0	0	0	0	0	0	0	0	0	0	0	0	0	0	0	0	0	0	0	0	0	0	0	0	0	0	0	0	0	0	0	0	0	0	0	0			0	0	0		0	0	0	0	0	0	0	0																									func@0x2540	0							0	0	0		22							-1		22			func@0x2540			func@0x2540							8						1		bound-remove_polyvol				0										7																	0	0		0	0	0	0	0	0	0	0	0	0	0	0	0	0	0	0	0	0	0	0	0	0	0	0	0	0	0	0	0				0.0119645	0	0	0	0	0	0									0	0										0		0	0	0		0	0		0	0	0	0	0	0	0	0	0	0	0	0	0	0		0	0	0.0119645	0.0119645	0	0	0	0	0	0	0	0	0	0	0												0	0	1	0	0	0	0	0	0	0	0	0	0	0	0	0	0	0	0	0	0	0	0	0	0	0	0	0	0	0	0	0	0	0	0	0	22	0	0	0	0	0	0	0	0	0	0	0	0	0	0	0	0	0	0	0	0	0	0	0	0			0	0	0		0	0	0	0	0	0	0	0									0	2	0	0	0		0	0	0	0	0	0	0	0	0	0	0	0	0	0	0	0	0	0	0	0	0	0	0	0	0	0	0	0				0.0119645	0	0	0	0	0	0										0	0													0	0			0	0		0	0	0	0				0	0	0	0	0	0	0	0	0					0	0.0119645	0.0119645		0	0	0	0	0	0	0	0	0	0	0						Function																									
8																										2				1															0	0	12	0	0	0	0	0	0	0	0	0	0	0	0	0	0	0	0	0	0	0	0	0	0	1	0	0	0	0	0	0	0	0	0	0	3	0	0	16	2	0	2	0	0	0	0	0	0	0	0	0	0	0	0	0	0	0	16	2	0			0	0	0		0	0	0	0	2	0	0	0																									_start	0							0	0	0		3							-1		3		74.48s	_start			_start							2						1		bound-remove_polyvol				8										-1																	0	0	0	0	0	0	0	0	0	0	0	0	0	0	0	0	0	0	0	0	0	0	0	0	0	0	0	0	0	0	0	0	0	0	0	0	0	0	0	0	0	0		0		5e-09		5e-09		0.15625	0	0	0	0	0	0	0	0	0	0	0	0	1.6e-08	0	0	0	3.2e-08	0	0	0.15625	0	0	0	0	0	0	0	0	0	0	0	0	0	0	1.6e-08	0	0	0	0	0	0	0	0	0	0	0	0	0	0	0												0	0	13	0	0	0	0	0	0	0	0	0	0	0	0	0	0	0	0	0	0	0	0	0	0	1	0	0	0	0	0	0	0	0	0	0	3	0	0	16	2	0	2	0	0	0	0	0	0	0	0	0	0	0	0	0	0	0	16	2	0			0	0	0		0	0	0	0	2	0	0	0									0	2	0	0	0		0	0	0	0	0	0	0	0	0	0	0	0	0	0	0	0	0	0	0	0	0	0	0	0	0	0	0	0	0	0	0	74.4799	0	0	0	0	0	0										0	0	0	0	0	0	0	0	0	0	0		0		0	0			0	0		0	0	0	0				0	0	0	0	0	0	0	0	0		0			0	74.4799	74.4799		0	0	0	0	0	0	0	0	0	0	0						Function																									
9																										2				1													Int32		0	1	51	0	0	0	0	0	0	0	0	0	0	0	0	0	0	0	0	0	0	0	0	0	3	5	2	1	0	0	0	0	0	0	0	0	5	2	1	104	10	0	18	0	0	0	0	0	0	0	0	0	0	0	0	0	0	0	145	13	2			0	0	3		0	0	2	1	15	0	0	0																									main	0				AVX			0	0	0		5							-1		5		74.48s	main			main							4						1		bound-remove_polyvol				6										37																	0	0	0	0	0	0	0	0	0	0	0	0	0	0	0	0	0	0	0	0	0	0	0	0	0	0	0	0	0	0	0	0	0	0	0	0	0	0	0	0	0	0		0		1.1e-08		1.1e-08		0.0441767	0	0	0	0	0	0	0	0	0	0	0	0	1.04e-07	0	0	0	2.49e-07	0	0	0.0441767	0	0	0	0	0	0	0	0	0	0	0	0	0	0	1.45e-07	0	0	0	0	0	0	0	0	0	0	0	0	0	0	0												0	1	60	0	0	0	0	0	0	0	0	0	0	0	0	0	0	0	0	0	0	0	0	0	3	7	2	1	0	0	0	0	0	0	0	0	5	2	1	104	10	0	21	0	0	0	0	0	0	0	0	0	0	0	0	0	0	0	145	13	2			0	0	3		0	0	2	1	18	0	0	0									0	2	0	0	0		0	0	0	0	0	0	0	0	0	0	0	0	0	0	0	0	0	0	0	0	0	0	0	0	0	0	0	0	0	0	0	74.4799	0	0	0	0	0	0										0	0	0	0	0	0	0	0	0	0	0		0		0	0			0	0		0	0	0	0				0	0	0	0	0	0	0	0	0		0			0	74.4799	74.4799		0	0	0	0	0	0	0	0	0	0	0						Function										128/256															
10																										2				1													Float64; Int32; Int64; UInt128; UInt64		0	33252	210941	0	0	0	0	0	0	0	0	0	0	0	0	0	0	0	0	257	2	317	38	32800	65900	298	33685	32884	32822	295	32802	0	0	0	0	0	8	33390	82	2116224	67750	0	70252	0	444	0	0	0	0	0	0	0	0	0	0	0	0	0	1070584	35140	51			38	32800	65900		0	0	33390	82	4034	0	0	0																									polytope::estimateVol	0				AVX; AVX2			0	0	0		8							-1		8		74.42s	polytope::estimateVol			_ZN8polytope11estimateVolEv							5						1		bound-remove_polyvol				5										5																	0	0	0.041275	0	0	0	0	0	0	0	0	0	0	0	0	0	0	0	0	0	0	0	0	0	0	0	0	0	0	0	0	0	0	0	0	0	0	0	0	0	0	0		0.000131535		0.000201764		7.0229e-05		0.0220375	0	0	0	0	0	0	0	0	0	0	0	0	0.00211588	0	0	0	0.0031868	0	0	0.0633125	0	0	0	0	0	0	0	0	0	0	0	0	0	0	0.00107092	0	0	0	0	0	0	0	0	0	0	0	0	0	0	0												0	66	1958	0	0	0	0	0	0	0	0	0	0	0	0	0	0	0	0	12	29	95	2	18	77	44	116	51	49	14	47	0	0	0	0	0	8	102	4	3054	323	0	684	0	18	0	0	0	0	0	0	0	0	0	0	0	0	0	3876	344	34			2	18	77		0	0	102	4	509	0	0	0									0	2	0	0	0		0	0	0	0	0	0	0	0	0	0	0	0	0	0	0	0	0	0	0	0	0	0	0	0	0	0	0	0	0	0	0	74.4239	0	0	0	0	0	0										0	0	0	0	0	0	0	0	0	0	0		0		0	0			0	0		0	0	0	0				0	0	0	0	0	0	0	0	0		0			0	74.4239	74.4239		0	0	0	0	0	0	0	0	0	0	0	Divisions; Unpacks; Extracts; Shifts					Function										128/256															
11																										2	253			1													Float64; Int64; UInt128; UInt64		0	19349	65026	0	0	0	0	0	7937	249	0	0	0	0	0	0	0	0	0	253	253	1008	498	2530	2783	0	11282	11103	253	253	2783	0	0	0	0	0	9	11029	8320	360204	14186	0	7948	0	2783	0	0	0	0	0	0	0	0	0	0	0	0	0	90068	3795	0			498	10467	3032		0	0	10531	383	3211	0	0	0																									[loop in polytope::estimateVol]	2				AVX			0	0	32	0.294s	9							1		9	2	74.42s	polytope::estimateVol			[Loop@0xe858 in _ZN8polytope11estimateVolEv]							6	253					5	253	bound-remove_polyvol				4										8	1 Data type conversions present 																0	0	0.0236765	0	0	0	0	0	0	0	0	0	0	0	0	0	0	0	0	0	0	0	0	0	0	0	0	0	0	0	0	0	0	0	0	0	0	0	0	0	0	0		1.0626e-05		7.3718e-05		6.3092e-05		0.140579	0	0	0	0	0	0	0	0	0	0	0	0	0.000358732	0	0	0	0.0004488	0	0	0.164256	0	0	0	0	0	0	0	0	0	0	0	0	0	0	9.0068e-05	0	0	0	0	0	0	0	0	0	0	0	0	0	0	0												0	11	136	0	0	0	0	0	1	1	0	0	0	0	0	0	0	0	0	4	3	8	2	1	2	2	9	9	1	4	4	0	0	0	0	0	9	5	5	308	35	0	37	0	4	0	0	0	0	0	0	0	0	0	0	0	0	0	76	7	0			2	2	3		0	0	3	4	23	0	0	0									0	2	0	0	0		0	0	0	0	0	0	0	0	0	0	0	0	0	0	0	0	0	0	0	0	0	0	0	0	0	0	0	0	0	0	0	74.4239	0	0	0	0	0	0										0	0	0	0	0	0	0	0	0	0	0		0		0	0			0	0		0	0	0	0				0	0	0	0	0	0	0	0	0		0			0	74.4239	74.4239		0	0	0	0	0	0	0	0	0	0	0	Divisions; Type Conversions; Shifts			3	253	Scalar		3								128/256															
